{
  
  "modifier.lightning": {
    "sounds": [
      "suit/lightning_cast"
    ],
    "category": "player"
  },
  
  
  "suit.carnage.climb": {
    "sounds": [
      "suit/carnage/symbiot_carnage_climb_1",
      "suit/carnage/symbiot_carnage_climb_2"
    ],
    "category": "player"
  },
  "suit.carnage.unanchor": {
    "sounds": [
      "suit/carnage/symbiot_carnage_unanchor"
    ],
    "category": "player"
  },
  "suit.carnage.enable": {
    "sounds": [
      "suit/carnage/symbiot_tentacles_carnage_enable"
    ],
    "category": "player"
  },
  "suit.carnage.disable": {
    "sounds": [
      "suit/carnage/symbiot_tentacles_carnage_disable"
    ],
    "category": "player"
  },
  "suit.carnage.grab": {
    "sounds": [
      "suit/carnage/symbiot_carnage_strike_1"
    ],
    "category": "player"
  },
  "suit.carnage.jab": {
    "sounds": [
      "suit/carnage/symbiot_carnage_strike_2"
    ],
    "category": "player"
  },
  "suit.carnage.strike": {
    "sounds": [
      "suit/carnage/strike_start"
    ],
    "category": "player"
  },
  "suit.carnage.strike.blade": {
    "sounds": [
      "suit/carnage/strike_charged"
    ],
    "category": "player"
  },
  "suit.carnage.symbiot.enable": {
    "sounds": [
      "suit/carnage/symbiot_carnage_transform_on"
    ],
    "category": "player"
  },
  "suit.carnage.symbiot.disable": {
    "sounds": [
      "suit/carnage/symbiot_carnage_transform_off"
    ],
    "category": "player"
  }
  
  
  
  
  
}