{
  "ambient.flight": {
    "sounds": [
      "ambient/flight_loop"
    ],
    "category": "ambient"
  },
  "modifier.cryocharge": {
    "sounds": [
      "suit/cryo_charge"
    ],
    "category": "player"
  },
  "modifier.equipment.switch": {
    "sounds": [
      "suit/equipment/switch1",
      "suit/equipment/switch2",
      "suit/equipment/switch3",
      "suit/equipment/switch4",
      "suit/equipment/switch5",
      "suit/equipment/switch6"
    ],
    "category": "player"
  },
  "modifier.fireball": {
    "sounds": [
      "minecraft:mob/ghast/fireball4"
    ],
    "category": "player"
  },
  "modifier.repulsor.blast": {
    "sounds": [
      "suit/repulsor/blast"
    ],
    "category": "player"
  },
  "modifier.repulsor.charge": {
    "sounds": [
      "suit/repulsor/charge"
    ],
    "category": "player"
  },
  "modifier.repulsor.powerdown": {
    "sounds": [
      "suit/repulsor/powerdown"
    ],
    "category": "player"
  },
  "modifier.spell.cast": {
    "sounds": [
      "suit/spell_cast"
    ],
    "category": "player"
  },
  "modifier.spell.fail": {
    "sounds": [
      {
        "name": "minecraft:random/fizz",
        "pitch": 0.8
      }
    ],
    "category": "player"
  },
  "modifier.chargedbeam": {
    "sounds": [
      "suit/charged_beam_loop"
    ],
    "category": "player"
  },
  "modifier.heatvision": {
    "sounds": [
      "suit/heat_vision_loop"
    ],
    "category": "player"
  },
  "modifier.beam.cosmic": {
    "sounds": [
      "suit/cosmic_beam_loop"
    ],
    "category": "player"
  },
  "modifier.beam.antimatter": {
    "sounds": [
      "suit/antimatter_beam_loop"
    ],
    "category": "player"
  },
  "modifier.teleportation.breach": {
    "sounds": [
      "suit/teleportation/breach"
    ],
    "category": "player"
  },
  "modifier.teleportation.glow": {
    "sounds": [
      "suit/teleportation/glow"
    ],
    "category": "player"
  },
  "modifier.lightning": {
    "sounds": [
      "suit/lightning_cast"
    ],
    "category": "player"
  },
  "modifier.telekinesis.start": {
    "sounds": [
      "suit/telekinesis/start"
    ],
    "category": "player"
  },
  "modifier.telekinesis.loop": {
    "sounds": [
      "suit/telekinesis/loop"
    ],
    "category": "player"
  },
  "modifier.jetpack": {
    "sounds": [
      "suit/jetpack_loop"
    ],
    "category": "player"
  },
  "modifier.gliding.cape.enable": {
    "sounds": [
      "suit/cape/enable1",
      "suit/cape/enable2"
    ],
    "category": "player"
  },
  "modifier.gliding.cape.disable": {
    "sounds": [
      "suit/cape/disable1",
      "suit/cape/disable2"
    ],
    "category": "player"
  },
  "modifier.blade.enable": {
    "sounds": [
      "suit/blade/enable"
    ],
    "category": "player"
  },
  "modifier.blade.disable": {
    "sounds": [
      "suit/blade/disable"
    ],
    "category": "player"
  },
  "modifier.webswinging.stress": {
    "sounds": [
      "suit/web/swinging/stress_loop"
    ],
    "category": "player"
  },
  "modifier.webswinging.whoosh": {
    "sounds": [
      "suit/web/swinging/whoosh1",
      "suit/web/swinging/whoosh2",
      "suit/web/swinging/whoosh3",
      "suit/web/swinging/whoosh4",
      "suit/web/swinging/whoosh5",
      "suit/web/swinging/whoosh6",
      "suit/web/swinging/whoosh7",
      "suit/web/swinging/whoosh8",
      "suit/web/swinging/whoosh9"
    ],
    "category": "player"
  },
  "modifier.webswinging.enable": {
    "sounds": [
      "suit/web/swinging/enable"
    ],
    "category": "player"
  },
  "modifier.webswinging.disable": {
    "sounds": [
      "suit/web/swinging/disable"
    ],
    "category": "player"
  },
  "modifier.web.shoot": {
    "sounds": [
      "suit/web/shoot1",
      "suit/web/shoot2",
      "suit/web/shoot3"
    ],
    "category": "player"
  },
  "modifier.web.ps4.shoot": {
    "sounds": [
      "suit/web/ps4/shoot1",
      "suit/web/ps4/shoot2",
      "suit/web/ps4/shoot3"
    ],
    "category": "player"
  },
  "modifier.web.raimi.shoot": {
    "sounds": [
      "suit/web/raimi/shoot1",
      "suit/web/raimi/shoot2",
      "suit/web/raimi/shoot3"
    ],
    "category": "player"
  },
  "modifier.web.webb.shoot": {
    "sounds": [
      "suit/web/webb/shoot1",
      "suit/web/webb/shoot2"
    ],
    "category": "player"
  },
  "modifier.web.switch": {
    "sounds": [
      "suit/web/switch"
    ],
    "category": "player"
  },
  "modifier.shadowform.enable": {
    "sounds": [
      "suit/shadowform/enable"
    ],
    "category": "player"
  },
  "modifier.shadowform.disable": {
    "sounds": [
      "suit/shadowform/disable"
    ],
    "category": "player"
  },
  "modifier.shadowform.loop": {
    "sounds": [
      "suit/shadowform/loop"
    ],
    "category": "player"
  },
  "modifier.shadowdome.form": {
    "sounds": [
      "suit/shadowdome/form"
    ],
    "category": "player"
  },
  "modifier.shadowdome.form.loop": {
    "sounds": [
      "suit/shadowdome/form_loop"
    ],
    "category": "player"
  },
  "modifier.shadowdome.dissolve": {
    "sounds": [
      "suit/shadowdome/dissolve"
    ],
    "category": "player"
  },
  "modifier.shadowdome.cast.loop": {
    "sounds": [
      "suit/shadowdome/cast_loop"
    ],
    "category": "player"
  },
  "modifier.shadowchain.loop": {
    "sounds": [
      "suit/shadowchain/loop"
    ],
    "category": "player"
  },
  "modifier.shadowchain.release": {
    "sounds": [
      "suit/shadowchain/release"
    ],
    "category": "player"
  },
  "modifier.shadowchain.start": {
    "sounds": [
      "suit/shadowchain/start"
    ],
    "category": "player"
  },
  "modifier.gravitymanip.switch": {
    "sounds": [
      "suit/gravity_manipulation/switch"
    ],
    "category": "player"
  },
  "modifier.gravitymanip.wave": {
    "sounds": [
      "suit/gravity_manipulation/wave"
    ],
    "category": "player"
  },
  "modifier.healingfactor.loop": {
    "sounds": [
      "suit/healing_factor_loop"
    ],
    "category": "player"
  },
  
  
  
 
  "suit.carnage.climb": {
    "sounds": [
      "suit/carnage/symbiot_carnage_climb_1",
      "suit/carnage/symbiot_carnage_climb_2"
    ],
    "category": "player"
  },
  "suit.carnage.unanchor": {
    "sounds": [
      "suit/carnage/symbiot_carnage_unanchor"
    ],
    "category": "player"
  },
  "suit.carnage.enable": {
    "sounds": [
      "suit/carnage/symbiot_tentacles_carnage_enable"
    ],
    "category": "player"
  },
  "suit.carnage.disable": {
    "sounds": [
      "suit/carnage/symbiot_tentacles_carnage_disable"
    ],
    "category": "player"
  },
  "suit.carnage.grab": {
    "sounds": [
      "suit/carnage/symbiot_carnage_strike_1"
    ],
    "category": "player"
  },
  "suit.carnage.jab": {
    "sounds": [
      "suit/carnage/symbiot_carnage_strike_2"
    ],
    "category": "player"
  },
  "suit.carnage.strike": {
    "sounds": [
      "suit/carnage/strike_start"
    ],
    "category": "player"
  },
  "suit.carnage.strike.blade": {
    "sounds": [
      "suit/carnage/strike_charged"
    ],
    "category": "player"
  },
  
  
  
  
  
}