{
  
  "modifier.lightning": {
    "sounds": [
      "suit/lightning_cast"
    ],
    "category": "player"
  },
  
  
  "suit.carnage.climb": {
    "sounds": [
      "suit/symbiot/symbiot_carnage_climb_1",
      "suit/symbiot/symbiot_carnage_climb_2"
    ],
    "category": "player"
  },
  "suit.carnage.unanchor": {
    "sounds": [
      "suit/symbiot/symbiot_carnage_unanchor"
    ],
    "category": "player"
  },
  "suit.carnage.enable": {
    "sounds": [
      "suit/symbiot/symbiot_tentacles_carnage_enable"
    ],
    "category": "player"
  },
  "suit.carnage.disable": {
    "sounds": [
      "suit/symbiot/symbiot_tentacles_carnage_disable"
    ],
    "category": "player"
  },
  "suit.carnage.grab": {
    "sounds": [
      "suit/symbiot/symbiot_carnage_strike_1"
    ],
    "category": "player"
  },
  "suit.carnage.jab": {
    "sounds": [
      "suit/symbiot/symbiot_carnage_strike_2"
    ],
    "category": "player"
  },
  "suit.carnage.strike": {
    "sounds": [
      "suit/symbiot/strike_start"
    ],
    "category": "player"
  },
  "suit.carnage.strike.blade": {
    "sounds": [
      "suit/symbiot/strike_charged"
    ],
    "category": "player"
  },
  "suit.carnage.symbiot.enable": {
    "sounds": [
      "suit/symbiot/symbiot_carnage_transform_on"
    ],
    "category": "player"
  },
  "suit.carnage.symbiot.disable": {
    "sounds": [
      "suit/symbiot/symbiot_carnage_transform_off"
    ],
    "category": "player"
  },
  
  
  "suit.venom.symbiot.enable": {
    "sounds": [
      "suit/symbiot/symbiot_venom_transform_on",
	  "suit/symbiot/symbiot_venom_transform_on_2"
    ],
    "category": "player"
  },
  "suit.venom.symbiot.disable": {
    "sounds": [
      "suit/symbiot/symbiot_venom_transform_off"
    ],
    "category": "player"
  },
  
  
  "suit.gun.beam.aim": {
    "sounds": [
      "suit/gun/minigun_aim"
    ],
    "category": "player"
  },
  "suit.gun.beam.loop": {
    "sounds": [
      "suit/gun/minigun_fire"
    ],
    "category": "player"
  },
  "suit.gun.beam.stop": {
    "sounds": [
      "suit/gun/minigun_stop"
    ],
    "category": "player"
  },
  
  
  
  "suit.electro.beam.start.light": {
    "sounds": [
      "suit/electro/electro_beam_start"
    ],
    "category": "player"
  },
  "suit.electro.beam.loop.light": {
    "sounds": [
      "suit/electro/electro_beam_loop"
    ],
    "category": "player"
  },
  "suit.electro.beam.stop.light": {
    "sounds": [
      "suit/electro/electro_beam_stop"
    ],
    "category": "player"
  },
  
  
  "suit.electro.beam.start.heavy": {
    "sounds": [
      "suit/electro/electro_beam_start_heavy"
    ],
    "category": "player"
  },
  "suit.electro.beam.loop.heavy": {
    "sounds": [
      "suit/electro/electro_beam_loop_heavy"
    ],
    "category": "player"
  },
  "suit.electro.beam.stop.heavy": {
    "sounds": [
      "suit/electro/electro_beam_stop_heavy"
    ],
    "category": "player"
  },
  
  "suit.electro.teleport": {
    "sounds": [
      "suit/electro/electro_teleport"
    ],
    "category": "player"
  },
  
  
  "suit.fire.beam.start": {
    "sounds": [
      "suit/fire/fire_start"
    ],
    "category": "player"
  },
  "suit.fire.beam.loop": {
    "sounds": [
      "suit/fire/fire_loop"
    ],
    "category": "player"
  },
  "suit.fire.beam.stop": {
    "sounds": [
      "suit/fire/fire_stop"
    ],
    "category": "player"
  }
  
  
}